,Date,RF
22127,20100104,0.0
22128,20100105,0.0
22129,20100106,0.0
22130,20100107,0.0
22131,20100108,0.0
22132,20100111,0.0
22133,20100112,0.0
22134,20100113,0.0
22135,20100114,0.0
22136,20100115,0.0
22137,20100119,0.0
22138,20100120,0.0
22139,20100121,0.0
22140,20100122,0.0
22141,20100125,0.0
22142,20100126,0.0
22143,20100127,0.0
22144,20100128,0.0
22145,20100129,0.0
22146,20100201,0.0
22147,20100202,0.0
22148,20100203,0.0
22149,20100204,0.0
22150,20100205,0.0
22151,20100208,0.0
22152,20100209,0.0
22153,20100210,0.0
22154,20100211,0.0
22155,20100212,0.0
22156,20100216,0.0
22157,20100217,0.0
22158,20100218,0.0
22159,20100219,0.0
22160,20100222,0.0
22161,20100223,0.0
22162,20100224,0.0
22163,20100225,0.0
22164,20100226,0.0
22165,20100301,0.0
22166,20100302,0.0
22167,20100303,0.0
22168,20100304,0.0
22169,20100305,0.0
22170,20100308,0.0
22171,20100309,0.0
22172,20100310,0.0
22173,20100311,0.0
22174,20100312,0.0
22175,20100315,0.0
22176,20100316,0.0
22177,20100317,0.0
22178,20100318,0.0
22179,20100319,0.0
22180,20100322,0.0
22181,20100323,0.0
22182,20100324,0.0
22183,20100325,0.0
22184,20100326,0.0
22185,20100329,0.0
22186,20100330,0.0
22187,20100331,0.0
22188,20100401,0.001
22189,20100405,0.001
22190,20100406,0.001
22191,20100407,0.001
22192,20100408,0.001
22193,20100409,0.001
22194,20100412,0.001
22195,20100413,0.001
22196,20100414,0.001
22197,20100415,0.001
22198,20100416,0.001
22199,20100419,0.001
22200,20100420,0.001
22201,20100421,0.001
22202,20100422,0.001
22203,20100423,0.001
22204,20100426,0.001
22205,20100427,0.001
22206,20100428,0.001
22207,20100429,0.001
22208,20100430,0.001
22209,20100503,0.001
22210,20100504,0.001
22211,20100505,0.001
22212,20100506,0.001
22213,20100507,0.001
22214,20100510,0.001
22215,20100511,0.001
22216,20100512,0.001
22217,20100513,0.001
22218,20100514,0.001
22219,20100517,0.001
22220,20100518,0.001
22221,20100519,0.001
22222,20100520,0.001
22223,20100521,0.001
22224,20100524,0.001
22225,20100525,0.001
22226,20100526,0.001
22227,20100527,0.001
22228,20100528,0.001
22229,20100601,0.001
22230,20100602,0.001
22231,20100603,0.001
22232,20100604,0.001
22233,20100607,0.001
22234,20100608,0.001
22235,20100609,0.001
22236,20100610,0.001
22237,20100611,0.001
22238,20100614,0.001
22239,20100615,0.001
22240,20100616,0.001
22241,20100617,0.001
22242,20100618,0.001
22243,20100621,0.001
22244,20100622,0.001
22245,20100623,0.001
22246,20100624,0.001
22247,20100625,0.001
22248,20100628,0.001
22249,20100629,0.001
22250,20100630,0.001
22251,20100701,0.001
22252,20100702,0.001
22253,20100706,0.001
22254,20100707,0.001
22255,20100708,0.001
22256,20100709,0.001
22257,20100712,0.001
22258,20100713,0.001
22259,20100714,0.001
22260,20100715,0.001
22261,20100716,0.001
22262,20100719,0.001
22263,20100720,0.001
22264,20100721,0.001
22265,20100722,0.001
22266,20100723,0.001
22267,20100726,0.001
22268,20100727,0.001
22269,20100728,0.001
22270,20100729,0.001
22271,20100730,0.001
22272,20100802,0.001
22273,20100803,0.001
22274,20100804,0.001
22275,20100805,0.001
22276,20100806,0.001
22277,20100809,0.001
22278,20100810,0.001
22279,20100811,0.001
22280,20100812,0.001
22281,20100813,0.001
22282,20100816,0.001
22283,20100817,0.001
22284,20100818,0.001
22285,20100819,0.001
22286,20100820,0.001
22287,20100823,0.001
22288,20100824,0.001
22289,20100825,0.001
22290,20100826,0.001
22291,20100827,0.001
22292,20100830,0.001
22293,20100831,0.001
22294,20100901,0.001
22295,20100902,0.001
22296,20100903,0.001
22297,20100907,0.001
22298,20100908,0.001
22299,20100909,0.001
22300,20100910,0.001
22301,20100913,0.001
22302,20100914,0.001
22303,20100915,0.001
22304,20100916,0.001
22305,20100917,0.001
22306,20100920,0.001
22307,20100921,0.001
22308,20100922,0.001
22309,20100923,0.001
22310,20100924,0.001
22311,20100927,0.001
22312,20100928,0.001
22313,20100929,0.001
22314,20100930,0.001
22315,20101001,0.001
22316,20101004,0.001
22317,20101005,0.001
22318,20101006,0.001
22319,20101007,0.001
22320,20101008,0.001
22321,20101011,0.001
22322,20101012,0.001
22323,20101013,0.001
22324,20101014,0.001
22325,20101015,0.001
22326,20101018,0.001
22327,20101019,0.001
22328,20101020,0.001
22329,20101021,0.001
22330,20101022,0.001
22331,20101025,0.001
22332,20101026,0.001
22333,20101027,0.001
22334,20101028,0.001
22335,20101029,0.001
22336,20101101,0.001
22337,20101102,0.001
22338,20101103,0.001
22339,20101104,0.001
22340,20101105,0.001
22341,20101108,0.001
22342,20101109,0.001
22343,20101110,0.001
22344,20101111,0.001
22345,20101112,0.001
22346,20101115,0.001
22347,20101116,0.001
22348,20101117,0.001
22349,20101118,0.001
22350,20101119,0.001
22351,20101122,0.001
22352,20101123,0.001
22353,20101124,0.001
22354,20101126,0.001
22355,20101129,0.001
22356,20101130,0.001
22357,20101201,0.001
22358,20101202,0.001
22359,20101203,0.001
22360,20101206,0.001
22361,20101207,0.001
22362,20101208,0.001
22363,20101209,0.001
22364,20101210,0.001
22365,20101213,0.001
22366,20101214,0.001
22367,20101215,0.001
22368,20101216,0.001
22369,20101217,0.001
22370,20101220,0.001
22371,20101221,0.001
22372,20101222,0.001
22373,20101223,0.001
22374,20101227,0.001
22375,20101228,0.001
22376,20101229,0.001
22377,20101230,0.001
22378,20101231,0.001
22379,20110103,0.0
22380,20110104,0.0
22381,20110105,0.0
22382,20110106,0.0
22383,20110107,0.0
22384,20110110,0.0
22385,20110111,0.0
22386,20110112,0.0
22387,20110113,0.0
22388,20110114,0.0
22389,20110118,0.0
22390,20110119,0.0
22391,20110120,0.0
22392,20110121,0.0
22393,20110124,0.0
22394,20110125,0.0
22395,20110126,0.0
22396,20110127,0.0
22397,20110128,0.0
22398,20110131,0.0
22399,20110201,0.001
22400,20110202,0.001
22401,20110203,0.001
22402,20110204,0.001
22403,20110207,0.001
22404,20110208,0.001
22405,20110209,0.001
22406,20110210,0.001
22407,20110211,0.001
22408,20110214,0.001
22409,20110215,0.001
22410,20110216,0.001
22411,20110217,0.001
22412,20110218,0.001
22413,20110222,0.001
22414,20110223,0.001
22415,20110224,0.001
22416,20110225,0.001
22417,20110228,0.001
22418,20110301,0.0
22419,20110302,0.0
22420,20110303,0.0
22421,20110304,0.0
22422,20110307,0.0
22423,20110308,0.0
22424,20110309,0.0
22425,20110310,0.0
22426,20110311,0.0
22427,20110314,0.0
22428,20110315,0.0
22429,20110316,0.0
22430,20110317,0.0
22431,20110318,0.0
22432,20110321,0.0
22433,20110322,0.0
22434,20110323,0.0
22435,20110324,0.0
22436,20110325,0.0
22437,20110328,0.0
22438,20110329,0.0
22439,20110330,0.0
22440,20110331,0.0
22441,20110401,0.0
22442,20110404,0.0
22443,20110405,0.0
22444,20110406,0.0
22445,20110407,0.0
22446,20110408,0.0
22447,20110411,0.0
22448,20110412,0.0
22449,20110413,0.0
22450,20110414,0.0
22451,20110415,0.0
22452,20110418,0.0
22453,20110419,0.0
22454,20110420,0.0
22455,20110421,0.0
22456,20110425,0.0
22457,20110426,0.0
22458,20110427,0.0
22459,20110428,0.0
22460,20110429,0.0
22461,20110502,0.0
22462,20110503,0.0
22463,20110504,0.0
22464,20110505,0.0
22465,20110506,0.0
22466,20110509,0.0
22467,20110510,0.0
22468,20110511,0.0
22469,20110512,0.0
22470,20110513,0.0
22471,20110516,0.0
22472,20110517,0.0
22473,20110518,0.0
22474,20110519,0.0
22475,20110520,0.0
22476,20110523,0.0
22477,20110524,0.0
22478,20110525,0.0
22479,20110526,0.0
22480,20110527,0.0
22481,20110531,0.0
22482,20110601,0.0
22483,20110602,0.0
22484,20110603,0.0
22485,20110606,0.0
22486,20110607,0.0
22487,20110608,0.0
22488,20110609,0.0
22489,20110610,0.0
22490,20110613,0.0
22491,20110614,0.0
22492,20110615,0.0
22493,20110616,0.0
22494,20110617,0.0
22495,20110620,0.0
22496,20110621,0.0
22497,20110622,0.0
22498,20110623,0.0
22499,20110624,0.0
22500,20110627,0.0
22501,20110628,0.0
22502,20110629,0.0
22503,20110630,0.0
22504,20110701,0.0
22505,20110705,0.0
22506,20110706,0.0
22507,20110707,0.0
22508,20110708,0.0
22509,20110711,0.0
22510,20110712,0.0
22511,20110713,0.0
22512,20110714,0.0
22513,20110715,0.0
22514,20110718,0.0
22515,20110719,0.0
22516,20110720,0.0
22517,20110721,0.0
22518,20110722,0.0
22519,20110725,0.0
22520,20110726,0.0
22521,20110727,0.0
22522,20110728,0.0
22523,20110729,0.0
22524,20110801,0.0
22525,20110802,0.0
22526,20110803,0.0
22527,20110804,0.0
22528,20110805,0.0
22529,20110808,0.0
22530,20110809,0.0
22531,20110810,0.0
22532,20110811,0.0
22533,20110812,0.0
22534,20110815,0.0
22535,20110816,0.0
22536,20110817,0.0
22537,20110818,0.0
22538,20110819,0.0
22539,20110822,0.0
22540,20110823,0.0
22541,20110824,0.0
22542,20110825,0.0
22543,20110826,0.0
22544,20110829,0.0
22545,20110830,0.0
22546,20110831,0.0
22547,20110901,0.0
22548,20110902,0.0
22549,20110906,0.0
22550,20110907,0.0
22551,20110908,0.0
22552,20110909,0.0
22553,20110912,0.0
22554,20110913,0.0
22555,20110914,0.0
22556,20110915,0.0
22557,20110916,0.0
22558,20110919,0.0
22559,20110920,0.0
22560,20110921,0.0
22561,20110922,0.0
22562,20110923,0.0
22563,20110926,0.0
22564,20110927,0.0
22565,20110928,0.0
22566,20110929,0.0
22567,20110930,0.0
22568,20111003,0.0
22569,20111004,0.0
22570,20111005,0.0
22571,20111006,0.0
22572,20111007,0.0
22573,20111010,0.0
22574,20111011,0.0
22575,20111012,0.0
22576,20111013,0.0
22577,20111014,0.0
22578,20111017,0.0
22579,20111018,0.0
22580,20111019,0.0
22581,20111020,0.0
22582,20111021,0.0
22583,20111024,0.0
22584,20111025,0.0
22585,20111026,0.0
22586,20111027,0.0
22587,20111028,0.0
22588,20111031,0.0
22589,20111101,0.0
22590,20111102,0.0
22591,20111103,0.0
22592,20111104,0.0
22593,20111107,0.0
22594,20111108,0.0
22595,20111109,0.0
22596,20111110,0.0
22597,20111111,0.0
22598,20111114,0.0
22599,20111115,0.0
22600,20111116,0.0
22601,20111117,0.0
22602,20111118,0.0
22603,20111121,0.0
22604,20111122,0.0
22605,20111123,0.0
22606,20111125,0.0
22607,20111128,0.0
22608,20111129,0.0
22609,20111130,0.0
22610,20111201,0.0
22611,20111202,0.0
22612,20111205,0.0
22613,20111206,0.0
22614,20111207,0.0
22615,20111208,0.0
22616,20111209,0.0
22617,20111212,0.0
22618,20111213,0.0
22619,20111214,0.0
22620,20111215,0.0
22621,20111216,0.0
22622,20111219,0.0
22623,20111220,0.0
22624,20111221,0.0
22625,20111222,0.0
22626,20111223,0.0
22627,20111227,0.0
22628,20111228,0.0
22629,20111229,0.0
22630,20111230,0.0
22631,20120103,0.0
22632,20120104,0.0
22633,20120105,0.0
22634,20120106,0.0
22635,20120109,0.0
22636,20120110,0.0
22637,20120111,0.0
22638,20120112,0.0
22639,20120113,0.0
22640,20120117,0.0
22641,20120118,0.0
22642,20120119,0.0
22643,20120120,0.0
22644,20120123,0.0
22645,20120124,0.0
22646,20120125,0.0
22647,20120126,0.0
22648,20120127,0.0
22649,20120130,0.0
22650,20120131,0.0
22651,20120201,0.0
22652,20120202,0.0
22653,20120203,0.0
22654,20120206,0.0
22655,20120207,0.0
22656,20120208,0.0
22657,20120209,0.0
22658,20120210,0.0
22659,20120213,0.0
22660,20120214,0.0
22661,20120215,0.0
22662,20120216,0.0
22663,20120217,0.0
22664,20120221,0.0
22665,20120222,0.0
22666,20120223,0.0
22667,20120224,0.0
22668,20120227,0.0
22669,20120228,0.0
22670,20120229,0.0
22671,20120301,0.0
22672,20120302,0.0
22673,20120305,0.0
22674,20120306,0.0
22675,20120307,0.0
22676,20120308,0.0
22677,20120309,0.0
22678,20120312,0.0
22679,20120313,0.0
22680,20120314,0.0
22681,20120315,0.0
22682,20120316,0.0
22683,20120319,0.0
22684,20120320,0.0
22685,20120321,0.0
22686,20120322,0.0
22687,20120323,0.0
22688,20120326,0.0
22689,20120327,0.0
22690,20120328,0.0
22691,20120329,0.0
22692,20120330,0.0
22693,20120402,0.0
22694,20120403,0.0
22695,20120404,0.0
22696,20120405,0.0
22697,20120409,0.0
22698,20120410,0.0
22699,20120411,0.0
22700,20120412,0.0
22701,20120413,0.0
22702,20120416,0.0
22703,20120417,0.0
22704,20120418,0.0
22705,20120419,0.0
22706,20120420,0.0
22707,20120423,0.0
22708,20120424,0.0
22709,20120425,0.0
22710,20120426,0.0
22711,20120427,0.0
22712,20120430,0.0
22713,20120501,0.0
22714,20120502,0.0
22715,20120503,0.0
22716,20120504,0.0
22717,20120507,0.0
22718,20120508,0.0
22719,20120509,0.0
22720,20120510,0.0
22721,20120511,0.0
22722,20120514,0.0
22723,20120515,0.0
22724,20120516,0.0
22725,20120517,0.0
22726,20120518,0.0
22727,20120521,0.0
22728,20120522,0.0
22729,20120523,0.0
22730,20120524,0.0
22731,20120525,0.0
22732,20120529,0.0
22733,20120530,0.0
22734,20120531,0.0
22735,20120601,0.0
22736,20120604,0.0
22737,20120605,0.0
22738,20120606,0.0
22739,20120607,0.0
22740,20120608,0.0
22741,20120611,0.0
22742,20120612,0.0
22743,20120613,0.0
22744,20120614,0.0
22745,20120615,0.0
22746,20120618,0.0
22747,20120619,0.0
22748,20120620,0.0
22749,20120621,0.0
22750,20120622,0.0
22751,20120625,0.0
22752,20120626,0.0
22753,20120627,0.0
22754,20120628,0.0
22755,20120629,0.0
22756,20120702,0.0
22757,20120703,0.0
22758,20120705,0.0
22759,20120706,0.0
22760,20120709,0.0
22761,20120710,0.0
22762,20120711,0.0
22763,20120712,0.0
22764,20120713,0.0
22765,20120716,0.0
22766,20120717,0.0
22767,20120718,0.0
22768,20120719,0.0
22769,20120720,0.0
22770,20120723,0.0
22771,20120724,0.0
22772,20120725,0.0
22773,20120726,0.0
22774,20120727,0.0
22775,20120730,0.0
22776,20120731,0.0
22777,20120801,0.0
22778,20120802,0.0
22779,20120803,0.0
22780,20120806,0.0
22781,20120807,0.0
22782,20120808,0.0
22783,20120809,0.0
22784,20120810,0.0
22785,20120813,0.0
22786,20120814,0.0
22787,20120815,0.0
22788,20120816,0.0
22789,20120817,0.0
22790,20120820,0.0
22791,20120821,0.0
22792,20120822,0.0
22793,20120823,0.0
22794,20120824,0.0
22795,20120827,0.0
22796,20120828,0.0
22797,20120829,0.0
22798,20120830,0.0
22799,20120831,0.0
22800,20120904,0.0
22801,20120905,0.0
22802,20120906,0.0
22803,20120907,0.0
22804,20120910,0.0
22805,20120911,0.0
22806,20120912,0.0
22807,20120913,0.0
22808,20120914,0.0
22809,20120917,0.0
22810,20120918,0.0
22811,20120919,0.0
22812,20120920,0.0
22813,20120921,0.0
22814,20120924,0.0
22815,20120925,0.0
22816,20120926,0.0
22817,20120927,0.0
22818,20120928,0.0
22819,20121001,0.0
22820,20121002,0.0
22821,20121003,0.0
22822,20121004,0.0
22823,20121005,0.0
22824,20121008,0.0
22825,20121009,0.0
22826,20121010,0.0
22827,20121011,0.0
22828,20121012,0.0
22829,20121015,0.0
22830,20121016,0.0
22831,20121017,0.0
22832,20121018,0.0
22833,20121019,0.0
22834,20121022,0.0
22835,20121023,0.0
22836,20121024,0.0
22837,20121025,0.0
22838,20121026,0.0
22839,20121031,0.0
22840,20121101,0.0
22841,20121102,0.0
22842,20121105,0.0
22843,20121106,0.0
22844,20121107,0.0
22845,20121108,0.0
22846,20121109,0.0
22847,20121112,0.0
22848,20121113,0.0
22849,20121114,0.0
22850,20121115,0.0
22851,20121116,0.0
22852,20121119,0.0
22853,20121120,0.0
22854,20121121,0.0
22855,20121123,0.0
22856,20121126,0.0
22857,20121127,0.0
22858,20121128,0.0
22859,20121129,0.0
22860,20121130,0.0
22861,20121203,0.001
22862,20121204,0.001
22863,20121205,0.001
22864,20121206,0.001
22865,20121207,0.001
22866,20121210,0.001
22867,20121211,0.001
22868,20121212,0.001
22869,20121213,0.001
22870,20121214,0.001
22871,20121217,0.001
22872,20121218,0.001
22873,20121219,0.001
22874,20121220,0.001
22875,20121221,0.001
22876,20121224,0.001
22877,20121226,0.001
22878,20121227,0.001
22879,20121228,0.001
22880,20121231,0.001
22881,20130102,0.0
22882,20130103,0.0
22883,20130104,0.0
22884,20130107,0.0
22885,20130108,0.0
22886,20130109,0.0
22887,20130110,0.0
22888,20130111,0.0
22889,20130114,0.0
22890,20130115,0.0
22891,20130116,0.0
22892,20130117,0.0
22893,20130118,0.0
22894,20130122,0.0
22895,20130123,0.0
22896,20130124,0.0
22897,20130125,0.0
22898,20130128,0.0
22899,20130129,0.0
22900,20130130,0.0
22901,20130131,0.0
22902,20130201,0.0
22903,20130204,0.0
22904,20130205,0.0
22905,20130206,0.0
22906,20130207,0.0
22907,20130208,0.0
22908,20130211,0.0
22909,20130212,0.0
22910,20130213,0.0
22911,20130214,0.0
22912,20130215,0.0
22913,20130219,0.0
22914,20130220,0.0
22915,20130221,0.0
22916,20130222,0.0
22917,20130225,0.0
22918,20130226,0.0
22919,20130227,0.0
22920,20130228,0.0
22921,20130301,0.0
22922,20130304,0.0
22923,20130305,0.0
22924,20130306,0.0
22925,20130307,0.0
22926,20130308,0.0
22927,20130311,0.0
22928,20130312,0.0
22929,20130313,0.0
22930,20130314,0.0
22931,20130315,0.0
22932,20130318,0.0
22933,20130319,0.0
22934,20130320,0.0
22935,20130321,0.0
22936,20130322,0.0
22937,20130325,0.0
22938,20130326,0.0
22939,20130327,0.0
22940,20130328,0.0
22941,20130401,0.0
22942,20130402,0.0
22943,20130403,0.0
22944,20130404,0.0
22945,20130405,0.0
22946,20130408,0.0
22947,20130409,0.0
22948,20130410,0.0
22949,20130411,0.0
22950,20130412,0.0
22951,20130415,0.0
22952,20130416,0.0
22953,20130417,0.0
22954,20130418,0.0
22955,20130419,0.0
22956,20130422,0.0
22957,20130423,0.0
22958,20130424,0.0
22959,20130425,0.0
22960,20130426,0.0
22961,20130429,0.0
22962,20130430,0.0
22963,20130501,0.0
22964,20130502,0.0
22965,20130503,0.0
22966,20130506,0.0
22967,20130507,0.0
22968,20130508,0.0
22969,20130509,0.0
22970,20130510,0.0
22971,20130513,0.0
22972,20130514,0.0
22973,20130515,0.0
22974,20130516,0.0
22975,20130517,0.0
22976,20130520,0.0
22977,20130521,0.0
22978,20130522,0.0
22979,20130523,0.0
22980,20130524,0.0
22981,20130528,0.0
22982,20130529,0.0
22983,20130530,0.0
22984,20130531,0.0
22985,20130603,0.0
22986,20130604,0.0
22987,20130605,0.0
22988,20130606,0.0
22989,20130607,0.0
22990,20130610,0.0
22991,20130611,0.0
22992,20130612,0.0
22993,20130613,0.0
22994,20130614,0.0
22995,20130617,0.0
22996,20130618,0.0
22997,20130619,0.0
22998,20130620,0.0
22999,20130621,0.0
23000,20130624,0.0
23001,20130625,0.0
23002,20130626,0.0
23003,20130627,0.0
23004,20130628,0.0
23005,20130701,0.0
23006,20130702,0.0
23007,20130703,0.0
23008,20130705,0.0
23009,20130708,0.0
23010,20130709,0.0
23011,20130710,0.0
23012,20130711,0.0
23013,20130712,0.0
23014,20130715,0.0
23015,20130716,0.0
23016,20130717,0.0
23017,20130718,0.0
23018,20130719,0.0
23019,20130722,0.0
23020,20130723,0.0
23021,20130724,0.0
23022,20130725,0.0
23023,20130726,0.0
23024,20130729,0.0
23025,20130730,0.0
23026,20130731,0.0
23027,20130801,0.0
23028,20130802,0.0
23029,20130805,0.0
23030,20130806,0.0
23031,20130807,0.0
23032,20130808,0.0
23033,20130809,0.0
23034,20130812,0.0
23035,20130813,0.0
23036,20130814,0.0
23037,20130815,0.0
23038,20130816,0.0
23039,20130819,0.0
23040,20130820,0.0
23041,20130821,0.0
23042,20130822,0.0
23043,20130823,0.0
23044,20130826,0.0
23045,20130827,0.0
23046,20130828,0.0
23047,20130829,0.0
23048,20130830,0.0
23049,20130903,0.0
23050,20130904,0.0
23051,20130905,0.0
23052,20130906,0.0
23053,20130909,0.0
23054,20130910,0.0
23055,20130911,0.0
23056,20130912,0.0
23057,20130913,0.0
23058,20130916,0.0
23059,20130917,0.0
23060,20130918,0.0
23061,20130919,0.0
23062,20130920,0.0
23063,20130923,0.0
23064,20130924,0.0
23065,20130925,0.0
23066,20130926,0.0
23067,20130927,0.0
23068,20130930,0.0
23069,20131001,0.0
23070,20131002,0.0
23071,20131003,0.0
23072,20131004,0.0
23073,20131007,0.0
23074,20131008,0.0
23075,20131009,0.0
23076,20131010,0.0
23077,20131011,0.0
23078,20131014,0.0
23079,20131015,0.0
23080,20131016,0.0
23081,20131017,0.0
23082,20131018,0.0
23083,20131021,0.0
23084,20131022,0.0
23085,20131023,0.0
23086,20131024,0.0
23087,20131025,0.0
23088,20131028,0.0
23089,20131029,0.0
23090,20131030,0.0
23091,20131031,0.0
23092,20131101,0.0
23093,20131104,0.0
23094,20131105,0.0
23095,20131106,0.0
23096,20131107,0.0
23097,20131108,0.0
23098,20131111,0.0
23099,20131112,0.0
23100,20131113,0.0
23101,20131114,0.0
23102,20131115,0.0
23103,20131118,0.0
23104,20131119,0.0
23105,20131120,0.0
23106,20131121,0.0
23107,20131122,0.0
23108,20131125,0.0
23109,20131126,0.0
23110,20131127,0.0
23111,20131129,0.0
23112,20131202,0.0
23113,20131203,0.0
23114,20131204,0.0
23115,20131205,0.0
23116,20131206,0.0
23117,20131209,0.0
23118,20131210,0.0
23119,20131211,0.0
23120,20131212,0.0
23121,20131213,0.0
23122,20131216,0.0
23123,20131217,0.0
23124,20131218,0.0
23125,20131219,0.0
23126,20131220,0.0
23127,20131223,0.0
23128,20131224,0.0
23129,20131226,0.0
23130,20131227,0.0
23131,20131230,0.0
23132,20131231,0.0
23133,20140102,0.0
23134,20140103,0.0
23135,20140106,0.0
23136,20140107,0.0
23137,20140108,0.0
23138,20140109,0.0
23139,20140110,0.0
23140,20140113,0.0
23141,20140114,0.0
23142,20140115,0.0
23143,20140116,0.0
23144,20140117,0.0
23145,20140121,0.0
23146,20140122,0.0
23147,20140123,0.0
23148,20140124,0.0
23149,20140127,0.0
23150,20140128,0.0
23151,20140129,0.0
23152,20140130,0.0
23153,20140131,0.0
23154,20140203,0.0
23155,20140204,0.0
23156,20140205,0.0
23157,20140206,0.0
23158,20140207,0.0
23159,20140210,0.0
23160,20140211,0.0
23161,20140212,0.0
23162,20140213,0.0
23163,20140214,0.0
23164,20140218,0.0
23165,20140219,0.0
23166,20140220,0.0
23167,20140221,0.0
23168,20140224,0.0
23169,20140225,0.0
23170,20140226,0.0
23171,20140227,0.0
23172,20140228,0.0
23173,20140303,0.0
23174,20140304,0.0
23175,20140305,0.0
23176,20140306,0.0
23177,20140307,0.0
23178,20140310,0.0
23179,20140311,0.0
23180,20140312,0.0
23181,20140313,0.0
23182,20140314,0.0
23183,20140317,0.0
23184,20140318,0.0
23185,20140319,0.0
23186,20140320,0.0
23187,20140321,0.0
23188,20140324,0.0
23189,20140325,0.0
23190,20140326,0.0
23191,20140327,0.0
23192,20140328,0.0
23193,20140331,0.0
23194,20140401,0.0
23195,20140402,0.0
23196,20140403,0.0
23197,20140404,0.0
23198,20140407,0.0
23199,20140408,0.0
23200,20140409,0.0
23201,20140410,0.0
23202,20140411,0.0
23203,20140414,0.0
23204,20140415,0.0
23205,20140416,0.0
23206,20140417,0.0
23207,20140421,0.0
23208,20140422,0.0
23209,20140423,0.0
23210,20140424,0.0
23211,20140425,0.0
23212,20140428,0.0
23213,20140429,0.0
23214,20140430,0.0
23215,20140501,0.0
23216,20140502,0.0
23217,20140505,0.0
23218,20140506,0.0
23219,20140507,0.0
23220,20140508,0.0
23221,20140509,0.0
23222,20140512,0.0
23223,20140513,0.0
23224,20140514,0.0
23225,20140515,0.0
23226,20140516,0.0
23227,20140519,0.0
23228,20140520,0.0
23229,20140521,0.0
23230,20140522,0.0
23231,20140523,0.0
23232,20140527,0.0
23233,20140528,0.0
23234,20140529,0.0
23235,20140530,0.0
23236,20140602,0.0
23237,20140603,0.0
23238,20140604,0.0
23239,20140605,0.0
23240,20140606,0.0
23241,20140609,0.0
23242,20140610,0.0
23243,20140611,0.0
23244,20140612,0.0
23245,20140613,0.0
23246,20140616,0.0
23247,20140617,0.0
23248,20140618,0.0
23249,20140619,0.0
23250,20140620,0.0
23251,20140623,0.0
23252,20140624,0.0
23253,20140625,0.0
23254,20140626,0.0
23255,20140627,0.0
23256,20140630,0.0
23257,20140701,0.0
23258,20140702,0.0
23259,20140703,0.0
23260,20140707,0.0
23261,20140708,0.0
23262,20140709,0.0
23263,20140710,0.0
23264,20140711,0.0
23265,20140714,0.0
23266,20140715,0.0
23267,20140716,0.0
23268,20140717,0.0
23269,20140718,0.0
23270,20140721,0.0
23271,20140722,0.0
23272,20140723,0.0
23273,20140724,0.0
23274,20140725,0.0
23275,20140728,0.0
23276,20140729,0.0
23277,20140730,0.0
23278,20140731,0.0
23279,20140801,0.0
23280,20140804,0.0
23281,20140805,0.0
23282,20140806,0.0
23283,20140807,0.0
23284,20140808,0.0
23285,20140811,0.0
23286,20140812,0.0
23287,20140813,0.0
23288,20140814,0.0
23289,20140815,0.0
23290,20140818,0.0
23291,20140819,0.0
23292,20140820,0.0
23293,20140821,0.0
23294,20140822,0.0
23295,20140825,0.0
23296,20140826,0.0
23297,20140827,0.0
23298,20140828,0.0
23299,20140829,0.0
23300,20140902,0.0
23301,20140903,0.0
23302,20140904,0.0
23303,20140905,0.0
23304,20140908,0.0
23305,20140909,0.0
23306,20140910,0.0
23307,20140911,0.0
23308,20140912,0.0
23309,20140915,0.0
23310,20140916,0.0
23311,20140917,0.0
23312,20140918,0.0
23313,20140919,0.0
23314,20140922,0.0
23315,20140923,0.0
23316,20140924,0.0
23317,20140925,0.0
23318,20140926,0.0
23319,20140929,0.0
23320,20140930,0.0
23321,20141001,0.0
23322,20141002,0.0
23323,20141003,0.0
23324,20141006,0.0
23325,20141007,0.0
23326,20141008,0.0
23327,20141009,0.0
23328,20141010,0.0
23329,20141013,0.0
23330,20141014,0.0
23331,20141015,0.0
23332,20141016,0.0
23333,20141017,0.0
23334,20141020,0.0
23335,20141021,0.0
23336,20141022,0.0
23337,20141023,0.0
23338,20141024,0.0
23339,20141027,0.0
23340,20141028,0.0
23341,20141029,0.0
23342,20141030,0.0
23343,20141031,0.0
23344,20141103,0.0
23345,20141104,0.0
23346,20141105,0.0
23347,20141106,0.0
23348,20141107,0.0
23349,20141110,0.0
23350,20141111,0.0
23351,20141112,0.0
23352,20141113,0.0
23353,20141114,0.0
23354,20141117,0.0
23355,20141118,0.0
23356,20141119,0.0
23357,20141120,0.0
23358,20141121,0.0
23359,20141124,0.0
23360,20141125,0.0
23361,20141126,0.0
23362,20141128,0.0
23363,20141201,0.0
23364,20141202,0.0
23365,20141203,0.0
23366,20141204,0.0
23367,20141205,0.0
23368,20141208,0.0
23369,20141209,0.0
23370,20141210,0.0
23371,20141211,0.0
23372,20141212,0.0
23373,20141215,0.0
23374,20141216,0.0
23375,20141217,0.0
23376,20141218,0.0
23377,20141219,0.0
23378,20141222,0.0
23379,20141223,0.0
23380,20141224,0.0
23381,20141226,0.0
23382,20141229,0.0
23383,20141230,0.0
23384,20141231,0.0
23385,20150102,0.0
23386,20150105,0.0
23387,20150106,0.0
23388,20150107,0.0
23389,20150108,0.0
23390,20150109,0.0
23391,20150112,0.0
23392,20150113,0.0
23393,20150114,0.0
23394,20150115,0.0
23395,20150116,0.0
23396,20150120,0.0
23397,20150121,0.0
23398,20150122,0.0
23399,20150123,0.0
23400,20150126,0.0
23401,20150127,0.0
23402,20150128,0.0
23403,20150129,0.0
23404,20150130,0.0
23405,20150202,0.0
23406,20150203,0.0
23407,20150204,0.0
23408,20150205,0.0
23409,20150206,0.0
23410,20150209,0.0
23411,20150210,0.0
23412,20150211,0.0
23413,20150212,0.0
23414,20150213,0.0
23415,20150217,0.0
23416,20150218,0.0
23417,20150219,0.0
23418,20150220,0.0
23419,20150223,0.0
23420,20150224,0.0
23421,20150225,0.0
23422,20150226,0.0
23423,20150227,0.0
23424,20150302,0.0
23425,20150303,0.0
23426,20150304,0.0
23427,20150305,0.0
23428,20150306,0.0
23429,20150309,0.0
23430,20150310,0.0
23431,20150311,0.0
23432,20150312,0.0
23433,20150313,0.0
23434,20150316,0.0
23435,20150317,0.0
23436,20150318,0.0
23437,20150319,0.0
23438,20150320,0.0
23439,20150323,0.0
23440,20150324,0.0
23441,20150325,0.0
23442,20150326,0.0
23443,20150327,0.0
23444,20150330,0.0
23445,20150331,0.0
23446,20150401,0.0
23447,20150402,0.0
23448,20150406,0.0
23449,20150407,0.0
23450,20150408,0.0
23451,20150409,0.0
23452,20150410,0.0
23453,20150413,0.0
23454,20150414,0.0
23455,20150415,0.0
23456,20150416,0.0
23457,20150417,0.0
23458,20150420,0.0
23459,20150421,0.0
23460,20150422,0.0
23461,20150423,0.0
23462,20150424,0.0
23463,20150427,0.0
23464,20150428,0.0
23465,20150429,0.0
23466,20150430,0.0
23467,20150501,0.0
23468,20150504,0.0
23469,20150505,0.0
23470,20150506,0.0
23471,20150507,0.0
23472,20150508,0.0
23473,20150511,0.0
23474,20150512,0.0
23475,20150513,0.0
23476,20150514,0.0
23477,20150515,0.0
23478,20150518,0.0
23479,20150519,0.0
23480,20150520,0.0
23481,20150521,0.0
23482,20150522,0.0
23483,20150526,0.0
23484,20150527,0.0
23485,20150528,0.0
23486,20150529,0.0
23487,20150601,0.0
23488,20150602,0.0
23489,20150603,0.0
23490,20150604,0.0
23491,20150605,0.0
23492,20150608,0.0
23493,20150609,0.0
23494,20150610,0.0
23495,20150611,0.0
23496,20150612,0.0
23497,20150615,0.0
23498,20150616,0.0
23499,20150617,0.0
23500,20150618,0.0
23501,20150619,0.0
23502,20150622,0.0
23503,20150623,0.0
23504,20150624,0.0
23505,20150625,0.0
23506,20150626,0.0
23507,20150629,0.0
23508,20150630,0.0
23509,20150701,0.0
23510,20150702,0.0
23511,20150706,0.0
23512,20150707,0.0
23513,20150708,0.0
23514,20150709,0.0
23515,20150710,0.0
23516,20150713,0.0
23517,20150714,0.0
23518,20150715,0.0
23519,20150716,0.0
23520,20150717,0.0
23521,20150720,0.0
23522,20150721,0.0
23523,20150722,0.0
23524,20150723,0.0
23525,20150724,0.0
23526,20150727,0.0
23527,20150728,0.0
23528,20150729,0.0
23529,20150730,0.0
23530,20150731,0.0
23531,20150803,0.0
23532,20150804,0.0
23533,20150805,0.0
23534,20150806,0.0
23535,20150807,0.0
23536,20150810,0.0
23537,20150811,0.0
23538,20150812,0.0
23539,20150813,0.0
23540,20150814,0.0
23541,20150817,0.0
23542,20150818,0.0
23543,20150819,0.0
23544,20150820,0.0
23545,20150821,0.0
23546,20150824,0.0
23547,20150825,0.0
23548,20150826,0.0
23549,20150827,0.0
23550,20150828,0.0
23551,20150831,0.0
23552,20150901,0.0
23553,20150902,0.0
23554,20150903,0.0
23555,20150904,0.0
23556,20150908,0.0
23557,20150909,0.0
23558,20150910,0.0
23559,20150911,0.0
23560,20150914,0.0
23561,20150915,0.0
23562,20150916,0.0
23563,20150917,0.0
23564,20150918,0.0
23565,20150921,0.0
23566,20150922,0.0
23567,20150923,0.0
23568,20150924,0.0
23569,20150925,0.0
23570,20150928,0.0
23571,20150929,0.0
23572,20150930,0.0
23573,20151001,0.0
23574,20151002,0.0
23575,20151005,0.0
23576,20151006,0.0
23577,20151007,0.0
23578,20151008,0.0
23579,20151009,0.0
23580,20151012,0.0
23581,20151013,0.0
23582,20151014,0.0
23583,20151015,0.0
23584,20151016,0.0
23585,20151019,0.0
23586,20151020,0.0
23587,20151021,0.0
23588,20151022,0.0
23589,20151023,0.0
23590,20151026,0.0
23591,20151027,0.0
23592,20151028,0.0
23593,20151029,0.0
23594,20151030,0.0
23595,20151102,0.0
23596,20151103,0.0
23597,20151104,0.0
23598,20151105,0.0
23599,20151106,0.0
23600,20151109,0.0
23601,20151110,0.0
23602,20151111,0.0
23603,20151112,0.0
23604,20151113,0.0
23605,20151116,0.0
23606,20151117,0.0
23607,20151118,0.0
23608,20151119,0.0
23609,20151120,0.0
23610,20151123,0.0
23611,20151124,0.0
23612,20151125,0.0
23613,20151127,0.0
23614,20151130,0.0
23615,20151201,0.0
23616,20151202,0.0
23617,20151203,0.0
23618,20151204,0.0
23619,20151207,0.0
23620,20151208,0.0
23621,20151209,0.0
23622,20151210,0.0
23623,20151211,0.0
23624,20151214,0.0
23625,20151215,0.0
23626,20151216,0.0
23627,20151217,0.0
23628,20151218,0.0
23629,20151221,0.0
23630,20151222,0.0
23631,20151223,0.0
23632,20151224,0.0
23633,20151228,0.0
23634,20151229,0.0
23635,20151230,0.0
23636,20151231,0.0
23637,20160104,0.0
23638,20160105,0.0
23639,20160106,0.0
23640,20160107,0.0
23641,20160108,0.0
23642,20160111,0.0
23643,20160112,0.0
23644,20160113,0.0
23645,20160114,0.0
23646,20160115,0.0
23647,20160119,0.0
23648,20160120,0.0
23649,20160121,0.0
23650,20160122,0.0
23651,20160125,0.0
23652,20160126,0.0
23653,20160127,0.0
23654,20160128,0.0
23655,20160129,0.0
23656,20160201,0.001
23657,20160202,0.001
23658,20160203,0.001
23659,20160204,0.001
23660,20160205,0.001
23661,20160208,0.001
23662,20160209,0.001
23663,20160210,0.001
23664,20160211,0.001
23665,20160212,0.001
23666,20160216,0.001
23667,20160217,0.001
23668,20160218,0.001
23669,20160219,0.001
23670,20160222,0.001
23671,20160223,0.001
23672,20160224,0.001
23673,20160225,0.001
23674,20160226,0.001
23675,20160229,0.001
23676,20160301,0.001
23677,20160302,0.001
23678,20160303,0.001
23679,20160304,0.001
23680,20160307,0.001
23681,20160308,0.001
23682,20160309,0.001
23683,20160310,0.001
23684,20160311,0.001
23685,20160314,0.001
23686,20160315,0.001
23687,20160316,0.001
23688,20160317,0.001
23689,20160318,0.001
23690,20160321,0.001
23691,20160322,0.001
23692,20160323,0.001
23693,20160324,0.001
23694,20160328,0.001
23695,20160329,0.001
23696,20160330,0.001
23697,20160331,0.001
23698,20160401,0.0
23699,20160404,0.0
23700,20160405,0.0
23701,20160406,0.0
23702,20160407,0.0
23703,20160408,0.0
23704,20160411,0.0
23705,20160412,0.0
23706,20160413,0.0
23707,20160414,0.0
23708,20160415,0.0
23709,20160418,0.0
23710,20160419,0.0
23711,20160420,0.0
23712,20160421,0.0
23713,20160422,0.0
23714,20160425,0.0
23715,20160426,0.0
23716,20160427,0.0
23717,20160428,0.0
23718,20160429,0.0
23719,20160502,0.001
23720,20160503,0.001
23721,20160504,0.001
23722,20160505,0.001
23723,20160506,0.001
23724,20160509,0.001
23725,20160510,0.001
23726,20160511,0.001
23727,20160512,0.001
23728,20160513,0.001
23729,20160516,0.001
23730,20160517,0.001
23731,20160518,0.001
23732,20160519,0.001
23733,20160520,0.001
23734,20160523,0.001
23735,20160524,0.001
23736,20160525,0.001
23737,20160526,0.001
23738,20160527,0.001
23739,20160531,0.001
23740,20160601,0.001
23741,20160602,0.001
23742,20160603,0.001
23743,20160606,0.001
23744,20160607,0.001
23745,20160608,0.001
23746,20160609,0.001
23747,20160610,0.001
23748,20160613,0.001
23749,20160614,0.001
23750,20160615,0.001
23751,20160616,0.001
23752,20160617,0.001
23753,20160620,0.001
23754,20160621,0.001
23755,20160622,0.001
23756,20160623,0.001
23757,20160624,0.001
23758,20160627,0.001
23759,20160628,0.001
23760,20160629,0.001
23761,20160630,0.001
23762,20160701,0.001
23763,20160705,0.001
23764,20160706,0.001
23765,20160707,0.001
23766,20160708,0.001
23767,20160711,0.001
23768,20160712,0.001
23769,20160713,0.001
23770,20160714,0.001
23771,20160715,0.001
23772,20160718,0.001
23773,20160719,0.001
23774,20160720,0.001
23775,20160721,0.001
23776,20160722,0.001
23777,20160725,0.001
23778,20160726,0.001
23779,20160727,0.001
23780,20160728,0.001
23781,20160729,0.001
23782,20160801,0.001
23783,20160802,0.001
23784,20160803,0.001
23785,20160804,0.001
23786,20160805,0.001
23787,20160808,0.001
23788,20160809,0.001
23789,20160810,0.001
23790,20160811,0.001
23791,20160812,0.001
23792,20160815,0.001
23793,20160816,0.001
23794,20160817,0.001
23795,20160818,0.001
23796,20160819,0.001
23797,20160822,0.001
23798,20160823,0.001
23799,20160824,0.001
23800,20160825,0.001
23801,20160826,0.001
23802,20160829,0.001
23803,20160830,0.001
23804,20160831,0.001
23805,20160901,0.001
23806,20160902,0.001
23807,20160906,0.001
23808,20160907,0.001
23809,20160908,0.001
23810,20160909,0.001
23811,20160912,0.001
23812,20160913,0.001
23813,20160914,0.001
23814,20160915,0.001
23815,20160916,0.001
23816,20160919,0.001
23817,20160920,0.001
23818,20160921,0.001
23819,20160922,0.001
23820,20160923,0.001
23821,20160926,0.001
23822,20160927,0.001
23823,20160928,0.001
23824,20160929,0.001
23825,20160930,0.001
23826,20161003,0.001
23827,20161004,0.001
23828,20161005,0.001
23829,20161006,0.001
23830,20161007,0.001
23831,20161010,0.001
23832,20161011,0.001
23833,20161012,0.001
23834,20161013,0.001
23835,20161014,0.001
23836,20161017,0.001
23837,20161018,0.001
23838,20161019,0.001
23839,20161020,0.001
23840,20161021,0.001
23841,20161024,0.001
23842,20161025,0.001
23843,20161026,0.001
23844,20161027,0.001
23845,20161028,0.001
23846,20161031,0.001
23847,20161101,0.001
23848,20161102,0.001
23849,20161103,0.001
23850,20161104,0.001
23851,20161107,0.001
23852,20161108,0.001
23853,20161109,0.001
23854,20161110,0.001
23855,20161111,0.001
23856,20161114,0.001
23857,20161115,0.001
23858,20161116,0.001
23859,20161117,0.001
23860,20161118,0.001
23861,20161121,0.001
23862,20161122,0.001
23863,20161123,0.001
23864,20161125,0.001
23865,20161128,0.001
23866,20161129,0.001
23867,20161130,0.001
23868,20161201,0.001
23869,20161202,0.001
23870,20161205,0.001
23871,20161206,0.001
23872,20161207,0.001
23873,20161208,0.001
23874,20161209,0.001
23875,20161212,0.001
23876,20161213,0.001
23877,20161214,0.001
23878,20161215,0.001
23879,20161216,0.001
23880,20161219,0.001
23881,20161220,0.001
23882,20161221,0.001
23883,20161222,0.001
23884,20161223,0.001
23885,20161227,0.001
23886,20161228,0.001
23887,20161229,0.001
23888,20161230,0.001
23889,20170103,0.002
23890,20170104,0.002
23891,20170105,0.002
23892,20170106,0.002
23893,20170109,0.002
23894,20170110,0.002
23895,20170111,0.002
23896,20170112,0.002
23897,20170113,0.002
23898,20170117,0.002
23899,20170118,0.002
23900,20170119,0.002
23901,20170120,0.002
23902,20170123,0.002
23903,20170124,0.002
23904,20170125,0.002
23905,20170126,0.002
23906,20170127,0.002
23907,20170130,0.002
23908,20170131,0.002
23909,20170201,0.002
23910,20170202,0.002
23911,20170203,0.002
23912,20170206,0.002
23913,20170207,0.002
23914,20170208,0.002
23915,20170209,0.002
23916,20170210,0.002
23917,20170213,0.002
23918,20170214,0.002
23919,20170215,0.002
23920,20170216,0.002
23921,20170217,0.002
23922,20170221,0.002
23923,20170222,0.002
23924,20170223,0.002
23925,20170224,0.002
23926,20170227,0.002
23927,20170228,0.002
23928,20170301,0.001
23929,20170302,0.001
23930,20170303,0.001
23931,20170306,0.001
23932,20170307,0.001
23933,20170308,0.001
23934,20170309,0.001
23935,20170310,0.001
23936,20170313,0.001
23937,20170314,0.001
23938,20170315,0.001
23939,20170316,0.001
23940,20170317,0.001
23941,20170320,0.001
23942,20170321,0.001
23943,20170322,0.001
23944,20170323,0.001
23945,20170324,0.001
23946,20170327,0.001
23947,20170328,0.001
23948,20170329,0.001
23949,20170330,0.001
23950,20170331,0.001
23951,20170403,0.003
23952,20170404,0.003
23953,20170405,0.003
23954,20170406,0.003
23955,20170407,0.003
23956,20170410,0.003
23957,20170411,0.003
23958,20170412,0.003
23959,20170413,0.003
23960,20170417,0.003
23961,20170418,0.003
23962,20170419,0.003
23963,20170420,0.003
23964,20170421,0.003
23965,20170424,0.003
23966,20170425,0.003
23967,20170426,0.003
23968,20170427,0.003
23969,20170428,0.003
23970,20170501,0.003
23971,20170502,0.003
23972,20170503,0.003
23973,20170504,0.003
23974,20170505,0.003
23975,20170508,0.003
23976,20170509,0.003
23977,20170510,0.003
23978,20170511,0.003
23979,20170512,0.003
23980,20170515,0.003
23981,20170516,0.003
23982,20170517,0.003
23983,20170518,0.003
23984,20170519,0.003
23985,20170522,0.003
23986,20170523,0.003
23987,20170524,0.003
23988,20170525,0.003
23989,20170526,0.003
23990,20170530,0.003
23991,20170531,0.003
23992,20170601,0.003
23993,20170602,0.003
23994,20170605,0.003
23995,20170606,0.003
23996,20170607,0.003
23997,20170608,0.003
23998,20170609,0.003
23999,20170612,0.003
24000,20170613,0.003
24001,20170614,0.003
24002,20170615,0.003
24003,20170616,0.003
24004,20170619,0.003
24005,20170620,0.003
24006,20170621,0.003
24007,20170622,0.003
24008,20170623,0.003
24009,20170626,0.003
24010,20170627,0.003
24011,20170628,0.003
24012,20170629,0.003
24013,20170630,0.003
24014,20170703,0.004
24015,20170705,0.004
24016,20170706,0.004
24017,20170707,0.004
24018,20170710,0.004
24019,20170711,0.004
24020,20170712,0.004
24021,20170713,0.004
24022,20170714,0.004
24023,20170717,0.004
24024,20170718,0.004
24025,20170719,0.004
24026,20170720,0.004
24027,20170721,0.004
24028,20170724,0.004
24029,20170725,0.004
24030,20170726,0.004
24031,20170727,0.004
24032,20170728,0.004
24033,20170731,0.004
24034,20170801,0.004
24035,20170802,0.004
24036,20170803,0.004
24037,20170804,0.004
24038,20170807,0.004
24039,20170808,0.004
24040,20170809,0.004
24041,20170810,0.004
24042,20170811,0.004
24043,20170814,0.004
24044,20170815,0.004
24045,20170816,0.004
24046,20170817,0.004
24047,20170818,0.004
24048,20170821,0.004
24049,20170822,0.004
24050,20170823,0.004
24051,20170824,0.004
24052,20170825,0.004
24053,20170828,0.004
24054,20170829,0.004
24055,20170830,0.004
24056,20170831,0.004
24057,20170901,0.005
24058,20170905,0.005
24059,20170906,0.005
24060,20170907,0.005
24061,20170908,0.005
24062,20170911,0.005
24063,20170912,0.005
24064,20170913,0.005
24065,20170914,0.005
24066,20170915,0.005
24067,20170918,0.005
24068,20170919,0.005
24069,20170920,0.005
24070,20170921,0.005
24071,20170922,0.005
24072,20170925,0.005
24073,20170926,0.005
24074,20170927,0.005
24075,20170928,0.005
24076,20170929,0.005
24077,20171002,0.004
24078,20171003,0.004
24079,20171004,0.004
24080,20171005,0.004
24081,20171006,0.004
24082,20171009,0.004
24083,20171010,0.004
24084,20171011,0.004
24085,20171012,0.004
24086,20171013,0.004
24087,20171016,0.004
24088,20171017,0.004
24089,20171018,0.004
24090,20171019,0.004
24091,20171020,0.004
24092,20171023,0.004
24093,20171024,0.004
24094,20171025,0.004
24095,20171026,0.004
24096,20171027,0.004
24097,20171030,0.004
24098,20171031,0.004
24099,20171101,0.004
24100,20171102,0.004
24101,20171103,0.004
24102,20171106,0.004
24103,20171107,0.004
24104,20171108,0.004
24105,20171109,0.004
24106,20171110,0.004
24107,20171113,0.004
24108,20171114,0.004
24109,20171115,0.004
24110,20171116,0.004
24111,20171117,0.004
24112,20171120,0.004
24113,20171121,0.004
24114,20171122,0.004
24115,20171124,0.004
24116,20171127,0.004
24117,20171128,0.004
24118,20171129,0.004
24119,20171130,0.004
24120,20171201,0.004
24121,20171204,0.004
24122,20171205,0.004
24123,20171206,0.004
24124,20171207,0.004
24125,20171208,0.004
24126,20171211,0.004
24127,20171212,0.004
24128,20171213,0.004
24129,20171214,0.004
24130,20171215,0.004
24131,20171218,0.004
24132,20171219,0.004
24133,20171220,0.004
24134,20171221,0.004
24135,20171222,0.004
24136,20171226,0.004
24137,20171227,0.004
24138,20171228,0.004
24139,20171229,0.004
24140,20180102,0.006
24141,20180103,0.006
24142,20180104,0.006
24143,20180105,0.006
24144,20180108,0.006
24145,20180109,0.006
24146,20180110,0.006
24147,20180111,0.006
24148,20180112,0.006
24149,20180116,0.006
24150,20180117,0.006
24151,20180118,0.006
24152,20180119,0.006
24153,20180122,0.006
24154,20180123,0.006
24155,20180124,0.006
24156,20180125,0.006
24157,20180126,0.006
24158,20180129,0.006
24159,20180130,0.006
24160,20180131,0.006
24161,20180201,0.006
24162,20180202,0.006
24163,20180205,0.006
24164,20180206,0.006
24165,20180207,0.006
24166,20180208,0.006
24167,20180209,0.006
24168,20180212,0.006
24169,20180213,0.006
24170,20180214,0.006
24171,20180215,0.006
24172,20180216,0.006
24173,20180220,0.006
24174,20180221,0.006
24175,20180222,0.006
24176,20180223,0.006
24177,20180226,0.006
24178,20180227,0.006
24179,20180228,0.006
24180,20180301,0.005
24181,20180302,0.005
24182,20180305,0.005
24183,20180306,0.005
24184,20180307,0.005
24185,20180308,0.005
24186,20180309,0.005
24187,20180312,0.005
24188,20180313,0.005
24189,20180314,0.005
24190,20180315,0.005
24191,20180316,0.005
24192,20180319,0.005
24193,20180320,0.005
24194,20180321,0.005
24195,20180322,0.005
24196,20180323,0.005
24197,20180326,0.005
24198,20180327,0.005
24199,20180328,0.005
24200,20180329,0.005
24201,20180402,0.007
24202,20180403,0.007
24203,20180404,0.007
24204,20180405,0.007
24205,20180406,0.007
24206,20180409,0.007
24207,20180410,0.007
24208,20180411,0.007
24209,20180412,0.007
24210,20180413,0.007
24211,20180416,0.007
24212,20180417,0.007
24213,20180418,0.007
24214,20180419,0.007
24215,20180420,0.007
24216,20180423,0.007
24217,20180424,0.007
24218,20180425,0.007
24219,20180426,0.007
24220,20180427,0.007
24221,20180430,0.007
24222,20180501,0.006
24223,20180502,0.006
24224,20180503,0.006
24225,20180504,0.006
24226,20180507,0.006
24227,20180508,0.006
24228,20180509,0.006
24229,20180510,0.006
24230,20180511,0.006
24231,20180514,0.006
24232,20180515,0.006
24233,20180516,0.006
24234,20180517,0.006
24235,20180518,0.006
24236,20180521,0.006
24237,20180522,0.006
24238,20180523,0.006
24239,20180524,0.006
24240,20180525,0.006
24241,20180529,0.006
24242,20180530,0.006
24243,20180531,0.006
24244,20180601,0.006
24245,20180604,0.006
24246,20180605,0.006
24247,20180606,0.006
24248,20180607,0.006
24249,20180608,0.006
24250,20180611,0.006
24251,20180612,0.006
24252,20180613,0.006
24253,20180614,0.006
24254,20180615,0.006
24255,20180618,0.006
24256,20180619,0.006
24257,20180620,0.006
24258,20180621,0.006
24259,20180622,0.006
24260,20180625,0.006
24261,20180626,0.006
24262,20180627,0.006
24263,20180628,0.006
24264,20180629,0.006
24265,20180702,0.008
24266,20180703,0.008
24267,20180705,0.008
24268,20180706,0.008
24269,20180709,0.008
24270,20180710,0.008
24271,20180711,0.008
24272,20180712,0.008
24273,20180713,0.008
24274,20180716,0.008
24275,20180717,0.008
24276,20180718,0.008
24277,20180719,0.008
24278,20180720,0.008
24279,20180723,0.008
24280,20180724,0.008
24281,20180725,0.008
24282,20180726,0.008
24283,20180727,0.008
24284,20180730,0.008
24285,20180731,0.008
24286,20180801,0.007
24287,20180802,0.007
24288,20180803,0.007
24289,20180806,0.007
24290,20180807,0.007
24291,20180808,0.007
24292,20180809,0.007
24293,20180810,0.007
24294,20180813,0.007
24295,20180814,0.007
24296,20180815,0.007
24297,20180816,0.007
24298,20180817,0.007
24299,20180820,0.007
24300,20180821,0.007
24301,20180822,0.007
24302,20180823,0.007
24303,20180824,0.007
24304,20180827,0.007
24305,20180828,0.007
24306,20180829,0.007
24307,20180830,0.007
24308,20180831,0.007
24309,20180904,0.008
24310,20180905,0.008
24311,20180906,0.008
24312,20180907,0.008
24313,20180910,0.008
24314,20180911,0.008
24315,20180912,0.008
24316,20180913,0.008
24317,20180914,0.008
24318,20180917,0.008
24319,20180918,0.008
24320,20180919,0.008
24321,20180920,0.008
24322,20180921,0.008
24323,20180924,0.008
24324,20180925,0.008
24325,20180926,0.008
24326,20180927,0.008
24327,20180928,0.008
24328,20181001,0.008
24329,20181002,0.008
24330,20181003,0.008
24331,20181004,0.008
24332,20181005,0.008
24333,20181008,0.008
24334,20181009,0.008
24335,20181010,0.008
24336,20181011,0.008
24337,20181012,0.008
24338,20181015,0.008
24339,20181016,0.008
24340,20181017,0.008
24341,20181018,0.008
24342,20181019,0.008
24343,20181022,0.008
24344,20181023,0.008
24345,20181024,0.008
24346,20181025,0.008
24347,20181026,0.008
24348,20181029,0.008
24349,20181030,0.008
24350,20181031,0.008
24351,20181101,0.008
24352,20181102,0.008
24353,20181105,0.008
24354,20181106,0.008
24355,20181107,0.008
24356,20181108,0.008
24357,20181109,0.008
24358,20181112,0.008
24359,20181113,0.008
24360,20181114,0.008
24361,20181115,0.008
24362,20181116,0.008
24363,20181119,0.008
24364,20181120,0.008
24365,20181121,0.008
24366,20181123,0.008
24367,20181126,0.008
24368,20181127,0.008
24369,20181128,0.008
24370,20181129,0.008
24371,20181130,0.008
24372,20181203,0.011
24373,20181204,0.011
24374,20181206,0.011
24375,20181207,0.011
24376,20181210,0.011
24377,20181211,0.011
24378,20181212,0.011
24379,20181213,0.011
24380,20181214,0.011
24381,20181217,0.011
24382,20181218,0.011
24383,20181219,0.011
24384,20181220,0.011
24385,20181221,0.011
24386,20181224,0.011
24387,20181226,0.011
24388,20181227,0.011
24389,20181228,0.011
24390,20181231,0.011
24391,20190102,0.01
24392,20190103,0.01
24393,20190104,0.01
24394,20190107,0.01
24395,20190108,0.01
24396,20190109,0.01
24397,20190110,0.01
24398,20190111,0.01
24399,20190114,0.01
24400,20190115,0.01
24401,20190116,0.01
24402,20190117,0.01
24403,20190118,0.01
24404,20190122,0.01
24405,20190123,0.01
24406,20190124,0.01
24407,20190125,0.01
24408,20190128,0.01
24409,20190129,0.01
24410,20190130,0.01
24411,20190131,0.01
24412,20190201,0.01
24413,20190204,0.01
24414,20190205,0.01
24415,20190206,0.01
24416,20190207,0.01
24417,20190208,0.01
24418,20190211,0.01
24419,20190212,0.01
24420,20190213,0.01
24421,20190214,0.01
24422,20190215,0.01
24423,20190219,0.01
24424,20190220,0.01
24425,20190221,0.01
24426,20190222,0.01
24427,20190225,0.01
24428,20190226,0.01
24429,20190227,0.01
24430,20190228,0.01
24431,20190301,0.009
24432,20190304,0.009
24433,20190305,0.009
24434,20190306,0.009
24435,20190307,0.009
24436,20190308,0.009
24437,20190311,0.009
24438,20190312,0.009
24439,20190313,0.009
24440,20190314,0.009
24441,20190315,0.009
24442,20190318,0.009
24443,20190319,0.009
24444,20190320,0.009
24445,20190321,0.009
24446,20190322,0.009
24447,20190325,0.009
24448,20190326,0.009
24449,20190327,0.009
24450,20190328,0.009
24451,20190329,0.009
24452,20190401,0.01
24453,20190402,0.01
24454,20190403,0.01
24455,20190404,0.01
24456,20190405,0.01
24457,20190408,0.01
24458,20190409,0.01
24459,20190410,0.01
24460,20190411,0.01
24461,20190412,0.01
24462,20190415,0.01
24463,20190416,0.01
24464,20190417,0.01
24465,20190418,0.01
24466,20190422,0.01
24467,20190423,0.01
24468,20190424,0.01
24469,20190425,0.01
24470,20190426,0.01
24471,20190429,0.01
24472,20190430,0.01
24473,20190501,0.009
24474,20190502,0.009
24475,20190503,0.009
24476,20190506,0.009
24477,20190507,0.009
24478,20190508,0.009
24479,20190509,0.009
24480,20190510,0.009
24481,20190513,0.009
24482,20190514,0.009
24483,20190515,0.009
24484,20190516,0.009
24485,20190517,0.009
24486,20190520,0.009
24487,20190521,0.009
24488,20190522,0.009
24489,20190523,0.009
24490,20190524,0.009
24491,20190528,0.009
24492,20190529,0.009
24493,20190530,0.009
24494,20190531,0.009
24495,20190603,0.009
24496,20190604,0.009
24497,20190605,0.009
24498,20190606,0.009
24499,20190607,0.009
24500,20190610,0.009
24501,20190611,0.009
24502,20190612,0.009
24503,20190613,0.009
24504,20190614,0.009
24505,20190617,0.009
24506,20190618,0.009
24507,20190619,0.009
24508,20190620,0.009
24509,20190621,0.009
24510,20190624,0.009
24511,20190625,0.009
24512,20190626,0.009
24513,20190627,0.009
24514,20190628,0.009
24515,20190701,0.009
24516,20190702,0.009
24517,20190703,0.009
24518,20190705,0.009
24519,20190708,0.009
24520,20190709,0.009
24521,20190710,0.009
24522,20190711,0.009
24523,20190712,0.009
24524,20190715,0.009
24525,20190716,0.009
24526,20190717,0.009
24527,20190718,0.009
24528,20190719,0.009
24529,20190722,0.009
24530,20190723,0.009
24531,20190724,0.009
24532,20190725,0.009
24533,20190726,0.009
24534,20190729,0.009
24535,20190730,0.009
24536,20190731,0.009
24537,20190801,0.007
24538,20190802,0.007
24539,20190805,0.007
24540,20190806,0.007
24541,20190807,0.007
24542,20190808,0.007
24543,20190809,0.007
24544,20190812,0.007
24545,20190813,0.007
24546,20190814,0.007
24547,20190815,0.007
24548,20190816,0.007
24549,20190819,0.007
24550,20190820,0.007
24551,20190821,0.007
24552,20190822,0.007
24553,20190823,0.007
24554,20190826,0.007
24555,20190827,0.007
24556,20190828,0.007
24557,20190829,0.007
24558,20190830,0.007
24559,20190903,0.009
24560,20190904,0.009
24561,20190905,0.009
24562,20190906,0.009
24563,20190909,0.009
24564,20190910,0.009
24565,20190911,0.009
24566,20190912,0.009
24567,20190913,0.009
24568,20190916,0.009
24569,20190917,0.009
24570,20190918,0.009
24571,20190919,0.009
24572,20190920,0.009
24573,20190923,0.009
24574,20190924,0.009
24575,20190925,0.009
24576,20190926,0.009
24577,20190927,0.009
24578,20190930,0.009
24579,20191001,0.007
24580,20191002,0.007
24581,20191003,0.007
24582,20191004,0.007
24583,20191007,0.007
24584,20191008,0.007
24585,20191009,0.007
24586,20191010,0.007
24587,20191011,0.007
24588,20191014,0.007
24589,20191015,0.007
24590,20191016,0.007
24591,20191017,0.007
24592,20191018,0.007
24593,20191021,0.007
24594,20191022,0.007
24595,20191023,0.007
24596,20191024,0.007
24597,20191025,0.007
24598,20191028,0.007
24599,20191029,0.007
24600,20191030,0.007
24601,20191031,0.007
24602,20191101,0.006
24603,20191104,0.006
24604,20191105,0.006
24605,20191106,0.006
24606,20191107,0.006
24607,20191108,0.006
24608,20191111,0.006
24609,20191112,0.006
24610,20191113,0.006
24611,20191114,0.006
24612,20191115,0.006
24613,20191118,0.006
24614,20191119,0.006
24615,20191120,0.006
24616,20191121,0.006
24617,20191122,0.006
24618,20191125,0.006
24619,20191126,0.006
24620,20191127,0.006
24621,20191129,0.006
24622,20191202,0.007
24623,20191203,0.007
24624,20191204,0.007
24625,20191205,0.007
24626,20191206,0.007
24627,20191209,0.007
24628,20191210,0.007
24629,20191211,0.007
24630,20191212,0.007
24631,20191213,0.007
24632,20191216,0.007
24633,20191217,0.007
24634,20191218,0.007
24635,20191219,0.007
24636,20191220,0.007
24637,20191223,0.007
24638,20191224,0.007
24639,20191226,0.007
24640,20191227,0.007
24641,20191230,0.007
24642,20191231,0.007
24643,20200102,0.006
24644,20200103,0.006
24645,20200106,0.006
24646,20200107,0.006
24647,20200108,0.006
24648,20200109,0.006
24649,20200110,0.006
24650,20200113,0.006
24651,20200114,0.006
24652,20200115,0.006
24653,20200116,0.006
24654,20200117,0.006
24655,20200121,0.006
24656,20200122,0.006
24657,20200123,0.006
24658,20200124,0.006
24659,20200127,0.006
24660,20200128,0.006
24661,20200129,0.006
24662,20200130,0.006
24663,20200131,0.006
24664,20200203,0.006
24665,20200204,0.006
24666,20200205,0.006
24667,20200206,0.006
24668,20200207,0.006
24669,20200210,0.006
24670,20200211,0.006
24671,20200212,0.006
24672,20200213,0.006
24673,20200214,0.006
24674,20200218,0.006
24675,20200219,0.006
24676,20200220,0.006
24677,20200221,0.006
24678,20200224,0.006
24679,20200225,0.006
24680,20200226,0.006
24681,20200227,0.006
24682,20200228,0.006
24683,20200302,0.006
24684,20200303,0.006
24685,20200304,0.006
24686,20200305,0.006
24687,20200306,0.006
24688,20200309,0.006
24689,20200310,0.006
24690,20200311,0.006
24691,20200312,0.006
24692,20200313,0.006
24693,20200316,0.006
24694,20200317,0.006
24695,20200318,0.006
24696,20200319,0.006
24697,20200320,0.006
24698,20200323,0.006
24699,20200324,0.006
24700,20200325,0.006
24701,20200326,0.006
24702,20200327,0.006
24703,20200330,0.006
24704,20200331,0.006
24705,20200401,0.0
24706,20200402,0.0
24707,20200403,0.0
24708,20200406,0.0
24709,20200407,0.0
24710,20200408,0.0
24711,20200409,0.0
24712,20200413,0.0
24713,20200414,0.0
24714,20200415,0.0
24715,20200416,0.0
24716,20200417,0.0
24717,20200420,0.0
24718,20200421,0.0
24719,20200422,0.0
24720,20200423,0.0
24721,20200424,0.0
24722,20200427,0.0
24723,20200428,0.0
24724,20200429,0.0
24725,20200430,0.0
24726,20200501,0.0
24727,20200504,0.0
24728,20200505,0.0
24729,20200506,0.0
24730,20200507,0.0
24731,20200508,0.0
24732,20200511,0.0
24733,20200512,0.0
24734,20200513,0.0
24735,20200514,0.0
24736,20200515,0.0
24737,20200518,0.0
24738,20200519,0.0
24739,20200520,0.0
24740,20200521,0.0
24741,20200522,0.0
24742,20200526,0.0
24743,20200527,0.0
24744,20200528,0.0
24745,20200529,0.0
24746,20200601,0.0
24747,20200602,0.0
24748,20200603,0.0
24749,20200604,0.0
24750,20200605,0.0
24751,20200608,0.0
24752,20200609,0.0
24753,20200610,0.0
24754,20200611,0.0
24755,20200612,0.0
24756,20200615,0.0
24757,20200616,0.0
24758,20200617,0.0
24759,20200618,0.0
24760,20200619,0.0
24761,20200622,0.0
24762,20200623,0.0
24763,20200624,0.0
24764,20200625,0.0
24765,20200626,0.0
24766,20200629,0.0
24767,20200630,0.0
24768,20200701,0.001
24769,20200702,0.001
24770,20200706,0.001
24771,20200707,0.001
24772,20200708,0.001
24773,20200709,0.001
24774,20200710,0.001
24775,20200713,0.001
24776,20200714,0.001
24777,20200715,0.001
24778,20200716,0.001
24779,20200717,0.001
24780,20200720,0.001
24781,20200721,0.001
24782,20200722,0.001
24783,20200723,0.001
24784,20200724,0.001
24785,20200727,0.001
24786,20200728,0.001
24787,20200729,0.001
24788,20200730,0.001
24789,20200731,0.001
24790,20200803,0.0
24791,20200804,0.0
24792,20200805,0.0
24793,20200806,0.0
24794,20200807,0.0
24795,20200810,0.0
24796,20200811,0.0
24797,20200812,0.0
24798,20200813,0.0
24799,20200814,0.0
24800,20200817,0.0
24801,20200818,0.0
24802,20200819,0.0
24803,20200820,0.0
24804,20200821,0.0
24805,20200824,0.0
24806,20200825,0.0
24807,20200826,0.0
24808,20200827,0.0
24809,20200828,0.0
24810,20200831,0.0
24811,20200901,0.0
24812,20200902,0.0
24813,20200903,0.0
24814,20200904,0.0
24815,20200908,0.0
24816,20200909,0.0
24817,20200910,0.0
24818,20200911,0.0
24819,20200914,0.0
24820,20200915,0.0
24821,20200916,0.0
24822,20200917,0.0
24823,20200918,0.0
24824,20200921,0.0
24825,20200922,0.0
24826,20200923,0.0
24827,20200924,0.0
24828,20200925,0.0
24829,20200928,0.0
24830,20200929,0.0
24831,20200930,0.0
24832,20201001,0.0
24833,20201002,0.0
24834,20201005,0.0
24835,20201006,0.0
24836,20201007,0.0
24837,20201008,0.0
24838,20201009,0.0
24839,20201012,0.0
24840,20201013,0.0
24841,20201014,0.0
24842,20201015,0.0
24843,20201016,0.0
24844,20201019,0.0
24845,20201020,0.0
24846,20201021,0.0
24847,20201022,0.0
24848,20201023,0.0
24849,20201026,0.0
24850,20201027,0.0
24851,20201028,0.0
24852,20201029,0.0
24853,20201030,0.0
24854,20201102,0.0
24855,20201103,0.0
24856,20201104,0.0
24857,20201105,0.0
24858,20201106,0.0
24859,20201109,0.0
24860,20201110,0.0
24861,20201111,0.0
24862,20201112,0.0
24863,20201113,0.0
24864,20201116,0.0
24865,20201117,0.0
24866,20201118,0.0
24867,20201119,0.0
24868,20201120,0.0
24869,20201123,0.0
24870,20201124,0.0
24871,20201125,0.0
24872,20201127,0.0
24873,20201130,0.0
24874,20201201,0.0
24875,20201202,0.0
24876,20201203,0.0
24877,20201204,0.0
24878,20201207,0.0
24879,20201208,0.0
24880,20201209,0.0
24881,20201210,0.0
24882,20201211,0.0
24883,20201214,0.0
24884,20201215,0.0
24885,20201216,0.0
24886,20201217,0.0
24887,20201218,0.0
24888,20201221,0.0
24889,20201222,0.0
24890,20201223,0.0
24891,20201224,0.0
24892,20201228,0.0
24893,20201229,0.0
24894,20201230,0.0
24895,20201231,0.0
24896,20210104,0.0
24897,20210105,0.0
24898,20210106,0.0
24899,20210107,0.0
24900,20210108,0.0
24901,20210111,0.0
24902,20210112,0.0
24903,20210113,0.0
24904,20210114,0.0
24905,20210115,0.0
24906,20210119,0.0
24907,20210120,0.0
24908,20210121,0.0
24909,20210122,0.0
24910,20210125,0.0
24911,20210126,0.0
24912,20210127,0.0
24913,20210128,0.0
24914,20210129,0.0
24915,20210201,0.0
24916,20210202,0.0
24917,20210203,0.0
24918,20210204,0.0
24919,20210205,0.0
24920,20210208,0.0
24921,20210209,0.0
24922,20210210,0.0
24923,20210211,0.0
24924,20210212,0.0
24925,20210216,0.0
24926,20210217,0.0
24927,20210218,0.0
24928,20210219,0.0
24929,20210222,0.0
24930,20210223,0.0
24931,20210224,0.0
24932,20210225,0.0
24933,20210226,0.0
24934,20210301,0.0
24935,20210302,0.0
24936,20210303,0.0
24937,20210304,0.0
24938,20210305,0.0
24939,20210308,0.0
24940,20210309,0.0
24941,20210310,0.0
24942,20210311,0.0
24943,20210312,0.0
24944,20210315,0.0
24945,20210316,0.0
24946,20210317,0.0
24947,20210318,0.0
24948,20210319,0.0
24949,20210322,0.0
24950,20210323,0.0
24951,20210324,0.0
24952,20210325,0.0
24953,20210326,0.0
24954,20210329,0.0
24955,20210330,0.0
24956,20210331,0.0
24957,20210401,0.0
24958,20210405,0.0
24959,20210406,0.0
24960,20210407,0.0
24961,20210408,0.0
24962,20210409,0.0
24963,20210412,0.0
24964,20210413,0.0
24965,20210414,0.0
24966,20210415,0.0
24967,20210416,0.0
24968,20210419,0.0
24969,20210420,0.0
24970,20210421,0.0
24971,20210422,0.0
24972,20210423,0.0
24973,20210426,0.0
24974,20210427,0.0
24975,20210428,0.0
24976,20210429,0.0
24977,20210430,0.0
24978,20210503,0.0
24979,20210504,0.0
24980,20210505,0.0
24981,20210506,0.0
24982,20210507,0.0
24983,20210510,0.0
24984,20210511,0.0
24985,20210512,0.0
24986,20210513,0.0
24987,20210514,0.0
24988,20210517,0.0
24989,20210518,0.0
24990,20210519,0.0
24991,20210520,0.0
24992,20210521,0.0
24993,20210524,0.0
24994,20210525,0.0
24995,20210526,0.0
24996,20210527,0.0
24997,20210528,0.0
24998,20210601,0.0
24999,20210602,0.0
25000,20210603,0.0
25001,20210604,0.0
25002,20210607,0.0
25003,20210608,0.0
25004,20210609,0.0
25005,20210610,0.0
25006,20210611,0.0
25007,20210614,0.0
25008,20210615,0.0
25009,20210616,0.0
25010,20210617,0.0
25011,20210618,0.0
25012,20210621,0.0
25013,20210622,0.0
25014,20210623,0.0
25015,20210624,0.0
25016,20210625,0.0
25017,20210628,0.0
25018,20210629,0.0
25019,20210630,0.0
25020,20210701,0.0
25021,20210702,0.0
25022,20210706,0.0
25023,20210707,0.0
25024,20210708,0.0
25025,20210709,0.0
25026,20210712,0.0
25027,20210713,0.0
25028,20210714,0.0
25029,20210715,0.0
25030,20210716,0.0
25031,20210719,0.0
25032,20210720,0.0
25033,20210721,0.0
25034,20210722,0.0
25035,20210723,0.0
25036,20210726,0.0
25037,20210727,0.0
25038,20210728,0.0
25039,20210729,0.0
25040,20210730,0.0
25041,20210802,0.0
25042,20210803,0.0
25043,20210804,0.0
25044,20210805,0.0
25045,20210806,0.0
25046,20210809,0.0
25047,20210810,0.0
25048,20210811,0.0
25049,20210812,0.0
25050,20210813,0.0
25051,20210816,0.0
25052,20210817,0.0
25053,20210818,0.0
25054,20210819,0.0
25055,20210820,0.0
25056,20210823,0.0
25057,20210824,0.0
25058,20210825,0.0
25059,20210826,0.0
25060,20210827,0.0
25061,20210830,0.0
25062,20210831,0.0
25063,20210901,0.0
25064,20210902,0.0
25065,20210903,0.0
25066,20210907,0.0
25067,20210908,0.0
25068,20210909,0.0
25069,20210910,0.0
25070,20210913,0.0
25071,20210914,0.0
25072,20210915,0.0
25073,20210916,0.0
25074,20210917,0.0
25075,20210920,0.0
25076,20210921,0.0
25077,20210922,0.0
25078,20210923,0.0
25079,20210924,0.0
25080,20210927,0.0
25081,20210928,0.0
25082,20210929,0.0
25083,20210930,0.0
25084,20211001,0.0
25085,20211004,0.0
25086,20211005,0.0
25087,20211006,0.0
25088,20211007,0.0
25089,20211008,0.0
25090,20211011,0.0
25091,20211012,0.0
25092,20211013,0.0
25093,20211014,0.0
25094,20211015,0.0
25095,20211018,0.0
25096,20211019,0.0
25097,20211020,0.0
25098,20211021,0.0
25099,20211022,0.0
25100,20211025,0.0
25101,20211026,0.0
25102,20211027,0.0
25103,20211028,0.0
25104,20211029,0.0
25105,20211101,0.0
25106,20211102,0.0
25107,20211103,0.0
25108,20211104,0.0
25109,20211105,0.0
25110,20211108,0.0
25111,20211109,0.0
25112,20211110,0.0
25113,20211111,0.0
25114,20211112,0.0
25115,20211115,0.0
25116,20211116,0.0
25117,20211117,0.0
25118,20211118,0.0
25119,20211119,0.0
25120,20211122,0.0
25121,20211123,0.0
25122,20211124,0.0
25123,20211126,0.0
25124,20211129,0.0
25125,20211130,0.0
25126,20211201,0.0
25127,20211202,0.0
25128,20211203,0.0
25129,20211206,0.0
25130,20211207,0.0
25131,20211208,0.0
25132,20211209,0.0
25133,20211210,0.0
25134,20211213,0.0
25135,20211214,0.0
25136,20211215,0.0
25137,20211216,0.0
25138,20211217,0.0
25139,20211220,0.0
25140,20211221,0.0
25141,20211222,0.0
25142,20211223,0.0
25143,20211227,0.0
25144,20211228,0.0
25145,20211229,0.0
25146,20211230,0.0
25147,20211231,0.0
25148,20220103,0.0
25149,20220104,0.0
25150,20220105,0.0
25151,20220106,0.0
25152,20220107,0.0
25153,20220110,0.0
25154,20220111,0.0
25155,20220112,0.0
25156,20220113,0.0
25157,20220114,0.0
25158,20220118,0.0
25159,20220119,0.0
25160,20220120,0.0
25161,20220121,0.0
25162,20220124,0.0
25163,20220125,0.0
25164,20220126,0.0
25165,20220127,0.0
25166,20220128,0.0
25167,20220131,0.0
25168,20220201,0.0
25169,20220202,0.0
25170,20220203,0.0
25171,20220204,0.0
25172,20220207,0.0
25173,20220208,0.0
25174,20220209,0.0
25175,20220210,0.0
25176,20220211,0.0
25177,20220214,0.0
25178,20220215,0.0
25179,20220216,0.0
25180,20220217,0.0
25181,20220218,0.0
25182,20220222,0.0
25183,20220223,0.0
25184,20220224,0.0
25185,20220225,0.0
25186,20220228,0.0
25187,20220301,0.0
25188,20220302,0.0
25189,20220303,0.0
25190,20220304,0.0
25191,20220307,0.0
25192,20220308,0.0
25193,20220309,0.0
25194,20220310,0.0
25195,20220311,0.0
25196,20220314,0.0
25197,20220315,0.0
25198,20220316,0.0
25199,20220317,0.0
25200,20220318,0.0
25201,20220321,0.0
25202,20220322,0.0
25203,20220323,0.0
25204,20220324,0.0
25205,20220325,0.0
25206,20220328,0.0
25207,20220329,0.0
25208,20220330,0.0
25209,20220331,0.0
25210,20220401,0.001
25211,20220404,0.001
25212,20220405,0.001
25213,20220406,0.001
25214,20220407,0.001
25215,20220408,0.001
25216,20220411,0.001
25217,20220412,0.001
25218,20220413,0.001
25219,20220414,0.001
25220,20220418,0.001
25221,20220419,0.001
25222,20220420,0.001
25223,20220421,0.001
25224,20220422,0.001
25225,20220425,0.001
25226,20220426,0.001
25227,20220427,0.001
25228,20220428,0.001
25229,20220429,0.001
25230,20220502,0.001
25231,20220503,0.001
25232,20220504,0.001
25233,20220505,0.001
25234,20220506,0.001
25235,20220509,0.001
25236,20220510,0.001
25237,20220511,0.001
25238,20220512,0.001
25239,20220513,0.001
25240,20220516,0.001
25241,20220517,0.001
25242,20220518,0.001
25243,20220519,0.001
25244,20220520,0.001
25245,20220523,0.001
25246,20220524,0.001
25247,20220525,0.001
25248,20220526,0.001
25249,20220527,0.001
25250,20220531,0.001
25251,20220601,0.003
25252,20220602,0.003
25253,20220603,0.003
25254,20220606,0.003
25255,20220607,0.003
25256,20220608,0.003
25257,20220609,0.003
25258,20220610,0.003
25259,20220613,0.003
25260,20220614,0.003
25261,20220615,0.003
25262,20220616,0.003
25263,20220617,0.003
25264,20220621,0.003
25265,20220622,0.003
25266,20220623,0.003
25267,20220624,0.003
25268,20220627,0.003
25269,20220628,0.003
25270,20220629,0.003
25271,20220630,0.003
25272,20220701,0.004
25273,20220705,0.004
25274,20220706,0.004
25275,20220707,0.004
25276,20220708,0.004
25277,20220711,0.004
25278,20220712,0.004
25279,20220713,0.004
25280,20220714,0.004
25281,20220715,0.004
25282,20220718,0.004
25283,20220719,0.004
25284,20220720,0.004
25285,20220721,0.004
25286,20220722,0.004
25287,20220725,0.004
25288,20220726,0.004
25289,20220727,0.004
25290,20220728,0.004
25291,20220729,0.004
25292,20220801,0.008
25293,20220802,0.008
25294,20220803,0.008
25295,20220804,0.008
25296,20220805,0.008
25297,20220808,0.008
25298,20220809,0.008
25299,20220810,0.008
25300,20220811,0.008
25301,20220812,0.008
25302,20220815,0.008
25303,20220816,0.008
25304,20220817,0.008
25305,20220818,0.008
25306,20220819,0.008
25307,20220822,0.008
25308,20220823,0.008
25309,20220824,0.008
25310,20220825,0.008
25311,20220826,0.008
25312,20220829,0.008
25313,20220830,0.008
25314,20220831,0.008
25315,20220901,0.009
25316,20220902,0.009
25317,20220906,0.009
25318,20220907,0.009
25319,20220908,0.009
25320,20220909,0.009
25321,20220912,0.009
25322,20220913,0.009
25323,20220914,0.009
25324,20220915,0.009
25325,20220916,0.009
25326,20220919,0.009
25327,20220920,0.009
25328,20220921,0.009
25329,20220922,0.009
25330,20220923,0.009
25331,20220926,0.009
25332,20220927,0.009
25333,20220928,0.009
25334,20220929,0.009
25335,20220930,0.009
25336,20221003,0.011
25337,20221004,0.011
25338,20221005,0.011
25339,20221006,0.011
25340,20221007,0.011
25341,20221010,0.011
25342,20221011,0.011
25343,20221012,0.011
25344,20221013,0.011
25345,20221014,0.011
25346,20221017,0.011
25347,20221018,0.011
25348,20221019,0.011
25349,20221020,0.011
25350,20221021,0.011
25351,20221024,0.011
25352,20221025,0.011
25353,20221026,0.011
25354,20221027,0.011
25355,20221028,0.011
25356,20221031,0.011
25357,20221101,0.014
25358,20221102,0.014
25359,20221103,0.014
25360,20221104,0.014
25361,20221107,0.014
25362,20221108,0.014
25363,20221109,0.014
25364,20221110,0.014
25365,20221111,0.014
25366,20221114,0.014
25367,20221115,0.014
25368,20221116,0.014
25369,20221117,0.014
25370,20221118,0.014
25371,20221121,0.014
25372,20221122,0.014
25373,20221123,0.014
25374,20221125,0.014
25375,20221128,0.014
25376,20221129,0.014
25377,20221130,0.014
25378,20221201,0.016
25379,20221202,0.016
25380,20221205,0.016
25381,20221206,0.016
25382,20221207,0.016
25383,20221208,0.016
25384,20221209,0.016
25385,20221212,0.016
25386,20221213,0.016
25387,20221214,0.016
25388,20221215,0.016
25389,20221216,0.016
25390,20221219,0.016
25391,20221220,0.016
25392,20221221,0.016
25393,20221222,0.016
25394,20221223,0.016
25395,20221227,0.016
25396,20221228,0.016
25397,20221229,0.016
25398,20221230,0.016
25399,20230103,0.017
25400,20230104,0.017
25401,20230105,0.017
25402,20230106,0.017
25403,20230109,0.017
25404,20230110,0.017
25405,20230111,0.017
25406,20230112,0.017
25407,20230113,0.017
25408,20230117,0.017
25409,20230118,0.017
25410,20230119,0.017
25411,20230120,0.017
25412,20230123,0.017
25413,20230124,0.017
25414,20230125,0.017
25415,20230126,0.017
25416,20230127,0.017
25417,20230130,0.017
25418,20230131,0.017
25419,20230201,0.018
25420,20230202,0.018
25421,20230203,0.018
25422,20230206,0.018
25423,20230207,0.018
25424,20230208,0.018
25425,20230209,0.018
25426,20230210,0.018
25427,20230213,0.018
25428,20230214,0.018
25429,20230215,0.018
25430,20230216,0.018
25431,20230217,0.018
25432,20230221,0.018
25433,20230222,0.018
25434,20230223,0.018
25435,20230224,0.018
25436,20230227,0.018
25437,20230228,0.018
25438,20230301,0.016
25439,20230302,0.016
25440,20230303,0.016
25441,20230306,0.016
25442,20230307,0.016
25443,20230308,0.016
25444,20230309,0.016
25445,20230310,0.016
25446,20230313,0.016
25447,20230314,0.016
25448,20230315,0.016
25449,20230316,0.016
25450,20230317,0.016
25451,20230320,0.016
25452,20230321,0.016
25453,20230322,0.016
25454,20230323,0.016
25455,20230324,0.016
25456,20230327,0.016
25457,20230328,0.016
25458,20230329,0.016
25459,20230330,0.016
25460,20230331,0.016
25461,20230403,0.018
25462,20230404,0.018
25463,20230405,0.018
25464,20230406,0.018
25465,20230410,0.018
25466,20230411,0.018
25467,20230412,0.018
25468,20230413,0.018
25469,20230414,0.018
25470,20230417,0.018
25471,20230418,0.018
25472,20230419,0.018
25473,20230420,0.018
25474,20230421,0.018
25475,20230424,0.018
25476,20230425,0.018
25477,20230426,0.018
25478,20230427,0.018
25479,20230428,0.018
25480,20230501,0.016
25481,20230502,0.016
25482,20230503,0.016
25483,20230504,0.016
25484,20230505,0.016
25485,20230508,0.016
25486,20230509,0.016
25487,20230510,0.016
25488,20230511,0.016
25489,20230512,0.016
25490,20230515,0.016
25491,20230516,0.016
25492,20230517,0.016
25493,20230518,0.016
25494,20230519,0.016
25495,20230522,0.016
25496,20230523,0.016
25497,20230524,0.016
25498,20230525,0.016
25499,20230526,0.016
25500,20230530,0.016
25501,20230531,0.016
25502,20230601,0.019
25503,20230602,0.019
25504,20230605,0.019
25505,20230606,0.019
25506,20230607,0.019
25507,20230608,0.019
25508,20230609,0.019
25509,20230612,0.019
25510,20230613,0.019
25511,20230614,0.019
25512,20230615,0.019
25513,20230616,0.019
25514,20230620,0.019
25515,20230621,0.019
25516,20230622,0.019
25517,20230623,0.019
25518,20230626,0.019
25519,20230627,0.019
25520,20230628,0.019
25521,20230629,0.019
25522,20230630,0.019
25523,20230703,0.022
25524,20230705,0.022
25525,20230706,0.022
25526,20230707,0.022
25527,20230710,0.022
25528,20230711,0.022
25529,20230712,0.022
25530,20230713,0.022
25531,20230714,0.022
25532,20230717,0.022
25533,20230718,0.022
25534,20230719,0.022
25535,20230720,0.022
25536,20230721,0.022
25537,20230724,0.022
25538,20230725,0.022
25539,20230726,0.022
25540,20230727,0.022
25541,20230728,0.022
25542,20230731,0.022
25543,20230801,0.02
25544,20230802,0.02
25545,20230803,0.02
25546,20230804,0.02
25547,20230807,0.02
25548,20230808,0.02
25549,20230809,0.02
25550,20230810,0.02
25551,20230811,0.02
25552,20230814,0.02
25553,20230815,0.02
25554,20230816,0.02
25555,20230817,0.02
25556,20230818,0.02
25557,20230821,0.02
25558,20230822,0.02
25559,20230823,0.02
25560,20230824,0.02
25561,20230825,0.02
25562,20230828,0.02
25563,20230829,0.02
25564,20230830,0.02
25565,20230831,0.02
25566,20230901,0.021
25567,20230905,0.021
25568,20230906,0.021
25569,20230907,0.021
25570,20230908,0.021
25571,20230911,0.021
25572,20230912,0.021
25573,20230913,0.021
25574,20230914,0.021
25575,20230915,0.021
25576,20230918,0.021
25577,20230919,0.021
25578,20230920,0.021
25579,20230921,0.021
25580,20230922,0.021
25581,20230925,0.021
25582,20230926,0.021
25583,20230927,0.021
25584,20230928,0.021
25585,20230929,0.021
25586,20231002,0.021
25587,20231003,0.021
25588,20231004,0.021
25589,20231005,0.021
25590,20231006,0.021
25591,20231009,0.021
25592,20231010,0.021
25593,20231011,0.021
25594,20231012,0.021
25595,20231013,0.021
25596,20231016,0.021
25597,20231017,0.021
25598,20231018,0.021
25599,20231019,0.021
25600,20231020,0.021
25601,20231023,0.021
25602,20231024,0.021
25603,20231025,0.021
25604,20231026,0.021
25605,20231027,0.021
25606,20231030,0.021
25607,20231031,0.021
25608,20231101,0.021
25609,20231102,0.021
25610,20231103,0.021
25611,20231106,0.021
25612,20231107,0.021
25613,20231108,0.021
25614,20231109,0.021
25615,20231110,0.021
25616,20231113,0.021
25617,20231114,0.021
25618,20231115,0.021
25619,20231116,0.021
25620,20231117,0.021
25621,20231120,0.021
25622,20231121,0.021
25623,20231122,0.021
25624,20231124,0.021
25625,20231127,0.021
25626,20231128,0.021
25627,20231129,0.021
25628,20231130,0.021
25629,20231201,0.021
25630,20231204,0.021
25631,20231205,0.021
25632,20231206,0.021
25633,20231207,0.021
25634,20231208,0.021
25635,20231211,0.021
25636,20231212,0.021
25637,20231213,0.021
25638,20231214,0.021
25639,20231215,0.021
25640,20231218,0.021
25641,20231219,0.021
25642,20231220,0.021
25643,20231221,0.021
25644,20231222,0.021
25645,20231226,0.021
25646,20231227,0.021
25647,20231228,0.021
25648,20231229,0.021
25649,20240102,0.022
25650,20240103,0.022
25651,20240104,0.022
25652,20240105,0.022
25653,20240108,0.022
25654,20240109,0.022
25655,20240110,0.022
25656,20240111,0.022
25657,20240112,0.022
25658,20240116,0.022
25659,20240117,0.022
25660,20240118,0.022
25661,20240119,0.022
25662,20240122,0.022
25663,20240123,0.022
25664,20240124,0.022
25665,20240125,0.022
25666,20240126,0.022
25667,20240129,0.022
25668,20240130,0.022
25669,20240131,0.022
25670,20240201,0.021
25671,20240202,0.021
25672,20240205,0.021
25673,20240206,0.021
25674,20240207,0.021
25675,20240208,0.021
25676,20240209,0.021
25677,20240212,0.021
25678,20240213,0.021
25679,20240214,0.021
25680,20240215,0.021
25681,20240216,0.021
25682,20240220,0.021
25683,20240221,0.021
25684,20240222,0.021
25685,20240223,0.021
25686,20240226,0.021
25687,20240227,0.021
25688,20240228,0.021
25689,20240229,0.021
25690,20240301,0.021
25691,20240304,0.021
25692,20240305,0.021
25693,20240306,0.021
25694,20240307,0.021
25695,20240308,0.021
25696,20240311,0.021
25697,20240312,0.021
25698,20240313,0.021
25699,20240314,0.021
25700,20240315,0.021
25701,20240318,0.021
25702,20240319,0.021
25703,20240320,0.021
25704,20240321,0.021
25705,20240322,0.021
25706,20240325,0.021
25707,20240326,0.021
25708,20240327,0.021
25709,20240328,0.021
25710,20240401,0.021
25711,20240402,0.021
25712,20240403,0.021
25713,20240404,0.021
25714,20240405,0.021
25715,20240408,0.021
25716,20240409,0.021
25717,20240410,0.021
25718,20240411,0.021
25719,20240412,0.021
25720,20240415,0.021
25721,20240416,0.021
25722,20240417,0.021
25723,20240418,0.021
25724,20240419,0.021
25725,20240422,0.021
25726,20240423,0.021
25727,20240424,0.021
25728,20240425,0.021
25729,20240426,0.021
25730,20240429,0.021
25731,20240430,0.021
25732,20240501,0.02
25733,20240502,0.02
25734,20240503,0.02
25735,20240506,0.02
25736,20240507,0.02
25737,20240508,0.02
25738,20240509,0.02
25739,20240510,0.02
25740,20240513,0.02
25741,20240514,0.02
25742,20240515,0.02
25743,20240516,0.02
25744,20240517,0.02
25745,20240520,0.02
25746,20240521,0.02
25747,20240522,0.02
25748,20240523,0.02
25749,20240524,0.02
25750,20240528,0.02
25751,20240529,0.02
25752,20240530,0.02
25753,20240531,0.02
25754,20240603,0.022
25755,20240604,0.022
25756,20240605,0.022
25757,20240606,0.022
25758,20240607,0.022
25759,20240610,0.022
25760,20240611,0.022
25761,20240612,0.022
25762,20240613,0.022
25763,20240614,0.022
25764,20240617,0.022
25765,20240618,0.022
25766,20240620,0.022
25767,20240621,0.022
25768,20240624,0.022
25769,20240625,0.022
25770,20240626,0.022
25771,20240627,0.022
25772,20240628,0.022
25773,20240701,0.021
25774,20240702,0.021
25775,20240703,0.021
25776,20240705,0.021
25777,20240708,0.021
25778,20240709,0.021
25779,20240710,0.021
25780,20240711,0.021
25781,20240712,0.021
25782,20240715,0.021
25783,20240716,0.021
25784,20240717,0.021
25785,20240718,0.021
25786,20240719,0.021
25787,20240722,0.021
25788,20240723,0.021
25789,20240724,0.021
25790,20240725,0.021
25791,20240726,0.021
25792,20240729,0.021
25793,20240730,0.021
25794,20240731,0.021
25795,20240801,0.022
25796,20240802,0.022
25797,20240805,0.022
25798,20240806,0.022
25799,20240807,0.022
25800,20240808,0.022
25801,20240809,0.022
25802,20240812,0.022
25803,20240813,0.022
25804,20240814,0.022
25805,20240815,0.022
25806,20240816,0.022
25807,20240819,0.022
25808,20240820,0.022
25809,20240821,0.022
25810,20240822,0.022
25811,20240823,0.022
25812,20240826,0.022
25813,20240827,0.022
25814,20240828,0.022
25815,20240829,0.022
25816,20240830,0.022
25817,20240903,0.02
25818,20240904,0.02
25819,20240905,0.02
25820,20240906,0.02
25821,20240909,0.02
25822,20240910,0.02
25823,20240911,0.02
25824,20240912,0.02
25825,20240913,0.02
25826,20240916,0.02
25827,20240917,0.02
25828,20240918,0.02
25829,20240919,0.02
25830,20240920,0.02
25831,20240923,0.02
25832,20240924,0.02
25833,20240925,0.02
25834,20240926,0.02
25835,20240927,0.02
25836,20240930,0.02
25837,20241001,0.017
25838,20241002,0.017
25839,20241003,0.017
25840,20241004,0.017
25841,20241007,0.017
25842,20241008,0.017
25843,20241009,0.017
25844,20241010,0.017
25845,20241011,0.017
25846,20241014,0.017
25847,20241015,0.017
25848,20241016,0.017
25849,20241017,0.017
25850,20241018,0.017
25851,20241021,0.017
25852,20241022,0.017
25853,20241023,0.017
25854,20241024,0.017
25855,20241025,0.017
25856,20241028,0.017
25857,20241029,0.017
25858,20241030,0.017
25859,20241031,0.017
25860,20241101,0.02
25861,20241104,0.02
25862,20241105,0.02
25863,20241106,0.02
25864,20241107,0.02
25865,20241108,0.02
25866,20241111,0.02
25867,20241112,0.02
25868,20241113,0.02
25869,20241114,0.02
25870,20241115,0.02
25871,20241118,0.02
25872,20241119,0.02
25873,20241120,0.02
25874,20241121,0.02
25875,20241122,0.02
25876,20241125,0.02
25877,20241126,0.02
25878,20241127,0.02
25879,20241129,0.02
25880,20241202,0.017
25881,20241203,0.017
25882,20241204,0.017
25883,20241205,0.017
25884,20241206,0.017
25885,20241209,0.017
25886,20241210,0.017
25887,20241211,0.017
25888,20241212,0.017
25889,20241213,0.017
25890,20241216,0.017
25891,20241217,0.017
25892,20241218,0.017
25893,20241219,0.017
25894,20241220,0.017
25895,20241223,0.017
25896,20241224,0.017
25897,20241226,0.017
25898,20241227,0.017
25899,20241230,0.017
25900,20241231,0.017
